epoch,time,train/box_loss,train/cls_loss,train/dfl_loss,metrics/precision(B),metrics/recall(B),metrics/mAP50(B),metrics/mAP50-95(B),val/box_loss,val/cls_loss,val/dfl_loss,lr/pg0,lr/pg1,lr/pg2
1,1425.9,1.25546,1.63099,1.29391,0.51522,0.38156,0.38843,0.26317,1.25949,1.50163,1.25812,0.0670045,0.000333288,0.000333288
2,2603.77,1.27664,1.68182,1.3148,0.5534,0.40102,0.42499,0.29282,1.22041,1.41281,1.24536,0.0340043,0.000666459,0.000666459
3,3839.54,1.28314,1.69515,1.32038,0.53917,0.41911,0.43753,0.30417,1.20256,1.37745,1.23669,0.00100349,0.000998978,0.000998978
4,4995.42,1.27674,1.6763,1.31732,0.56838,0.41765,0.44815,0.31238,1.19,1.35174,1.22803,0.000997803,0.000997803,0.000997803
5,6147.05,1.26405,1.64444,1.30621,0.58125,0.42038,0.45445,0.31735,1.1827,1.33316,1.22122,0.000996097,0.000996097,0.000996097
6,29167.3,1.25527,1.61896,1.29823,0.58161,0.42258,0.45724,0.31974,1.17666,1.32029,1.21715,0.000993906,0.000993906,0.000993906
7,30321.3,1.24653,1.59816,1.2927,0.57882,0.42625,0.46042,0.32312,1.17228,1.31088,1.21363,0.000991232,0.000991232,0.000991232
8,1164.65,1.24185,1.587,1.28988,0.57107,0.42948,0.46326,0.32488,1.16952,1.30437,1.2115,0.000988079,0.000988079,0.000988079
9,3421.81,1.23841,1.57641,1.28636,0.55972,0.43469,0.46387,0.3261,1.16724,1.29981,1.20918,0.000984449,0.000984449,0.000984449
10,4580.8,1.2318,1.55744,1.27989,0.55839,0.43821,0.4656,0.32789,1.16505,1.29625,1.20722,0.000980345,0.000980345,0.000980345
11,5740.57,1.22776,1.54624,1.27856,0.56551,0.43946,0.46741,0.32945,1.16311,1.29433,1.2057,0.000975773,0.000975773,0.000975773
12,6899.77,1.22146,1.53194,1.27296,0.57216,0.43802,0.46873,0.33023,1.16177,1.29242,1.20449,0.000970736,0.000970736,0.000970736
13,8063.2,1.21886,1.52482,1.27078,0.57306,0.43822,0.47025,0.33157,1.16047,1.29136,1.20331,0.000965239,0.000965239,0.000965239
14,9222.51,1.2167,1.52058,1.26862,0.57372,0.43995,0.47104,0.33233,1.15923,1.29102,1.20178,0.000959289,0.000959289,0.000959289
15,10381.3,1.21596,1.51644,1.268,0.57788,0.44084,0.47291,0.33381,1.15753,1.28976,1.20016,0.000952889,0.000952889,0.000952889
16,11539.5,1.21204,1.50719,1.2651,0.57523,0.44494,0.47377,0.3345,1.15569,1.28781,1.19856,0.000946048,0.000946048,0.000946048
17,12700.2,1.20948,1.49982,1.26344,0.57676,0.44578,0.4753,0.33589,1.15357,1.28567,1.19655,0.000938772,0.000938772,0.000938772
18,13858.4,1.20522,1.49072,1.2594,0.57957,0.44846,0.47673,0.33676,1.15145,1.28322,1.1946,0.000931067,0.000931067,0.000931067
19,15020.4,1.20294,1.4837,1.25835,0.57416,0.44991,0.47746,0.33781,1.1504,1.28098,1.19374,0.000922942,0.000922942,0.000922942
20,16178.4,1.20073,1.47905,1.25623,0.57922,0.44925,0.47821,0.33838,1.14895,1.27798,1.19198,0.000914405,0.000914405,0.000914405
21,17338.6,1.19937,1.47087,1.25354,0.58351,0.44949,0.47904,0.33939,1.14735,1.27467,1.19013,0.000905463,0.000905463,0.000905463
22,18500.2,1.19665,1.46548,1.25152,0.58285,0.44977,0.48045,0.34028,1.14658,1.27057,1.18889,0.000896127,0.000896127,0.000896127
23,19662.6,1.19352,1.45783,1.24979,0.59079,0.44569,0.48142,0.34074,1.14578,1.26649,1.18775,0.000886404,0.000886404,0.000886404
24,20824,1.19163,1.45107,1.2481,0.59288,0.44346,0.48246,0.34178,1.14405,1.26176,1.18584,0.000876305,0.000876305,0.000876305
25,21986.2,1.18893,1.44965,1.24783,0.59577,0.44224,0.48395,0.34292,1.14228,1.25815,1.18424,0.000865839,0.000865839,0.000865839
26,23146.9,1.18703,1.44376,1.24575,0.59585,0.44538,0.48506,0.34399,1.14129,1.25495,1.18308,0.000855018,0.000855018,0.000855018
27,24306.9,1.18573,1.43735,1.24448,0.58982,0.44895,0.48591,0.34467,1.13979,1.25189,1.18164,0.000843851,0.000843851,0.000843851
28,25466.3,1.18315,1.43393,1.24363,0.5909,0.451,0.48689,0.34515,1.1393,1.24889,1.18123,0.000832349,0.000832349,0.000832349
29,26625.2,1.18195,1.43085,1.24219,0.58392,0.4544,0.48779,0.34598,1.13847,1.2461,1.17996,0.000820525,0.000820525,0.000820525
30,27784.6,1.18005,1.42735,1.24071,0.58386,0.45592,0.48825,0.34713,1.13738,1.24402,1.17882,0.000808389,0.000808389,0.000808389
31,28946.4,1.17787,1.41978,1.23827,0.58861,0.45456,0.48951,0.34772,1.1363,1.24118,1.17773,0.000795954,0.000795954,0.000795954
32,30110,1.17544,1.41392,1.23645,0.59582,0.45142,0.48986,0.34813,1.1363,1.23832,1.17742,0.000783231,0.000783231,0.000783231
33,31272.6,1.17509,1.41408,1.23735,0.5967,0.45121,0.49018,0.34886,1.1362,1.23587,1.17745,0.000770234,0.000770234,0.000770234
34,32431.7,1.17376,1.40971,1.23529,0.59874,0.448,0.49063,0.34921,1.13579,1.23336,1.17696,0.000756976,0.000756976,0.000756976
35,1190.88,1.16655,1.39749,1.23288,0.59691,0.45081,0.49171,0.34971,1.13549,1.2323,1.17655,0.000743468,0.000743468,0.000743468
36,2342.99,1.16879,1.40118,1.23338,0.59278,0.45408,0.49211,0.34996,1.13489,1.23048,1.17582,0.000729725,0.000729725,0.000729725
37,3494.4,1.16852,1.3962,1.23181,0.58827,0.46008,0.49267,0.3504,1.13507,1.22894,1.1756,0.000715761,0.000715761,0.000715761
38,4644.63,1.16967,1.39553,1.23253,0.58869,0.46094,0.49337,0.35092,1.13478,1.22782,1.17498,0.000701588,0.000701588,0.000701588
39,5794.52,1.16539,1.39127,1.23017,0.59305,0.46141,0.49383,0.35088,1.13465,1.22693,1.17463,0.000687222,0.000687222,0.000687222
40,6945.52,1.16355,1.38783,1.22941,0.59468,0.46029,0.49438,0.35126,1.13479,1.22627,1.17453,0.000672675,0.000672675,0.000672675
41,8096.04,1.16311,1.38594,1.22849,0.59829,0.4577,0.49485,0.35151,1.13462,1.22543,1.17407,0.000657963,0.000657963,0.000657963
42,9246.69,1.16304,1.38301,1.22833,0.59532,0.45831,0.49443,0.35157,1.13414,1.22506,1.17339,0.000643101,0.000643101,0.000643101
43,10397.1,1.16047,1.38048,1.22614,0.59573,0.45804,0.49461,0.35203,1.1336,1.22424,1.1726,0.000628101,0.000628101,0.000628101
44,11547.1,1.16025,1.37749,1.22702,0.59197,0.46096,0.49503,0.3526,1.13359,1.22348,1.17249,0.000612981,0.000612981,0.000612981
45,12698.5,1.1575,1.37207,1.22522,0.59643,0.46179,0.49553,0.35266,1.13321,1.22298,1.17199,0.000597754,0.000597754,0.000597754
46,13849.3,1.15682,1.3689,1.22537,0.597,0.4633,0.4963,0.35331,1.13275,1.22217,1.1717,0.000582435,0.000582435,0.000582435
47,14999.3,1.15615,1.36788,1.2237,0.59533,0.46302,0.49649,0.35375,1.13208,1.22147,1.17095,0.00056704,0.00056704,0.00056704
48,16149.6,1.15603,1.36328,1.22222,0.59826,0.46175,0.49691,0.35417,1.13225,1.22044,1.17064,0.000551584,0.000551584,0.000551584
49,17299.5,1.15343,1.36036,1.22094,0.59876,0.46088,0.49739,0.3545,1.13203,1.21899,1.1701,0.000536081,0.000536081,0.000536081
50,18451.1,1.15183,1.35533,1.22054,0.59715,0.4625,0.49736,0.35453,1.13162,1.21786,1.1698,0.000520548,0.000520548,0.000520548
51,19602.4,1.15058,1.3511,1.21853,0.59402,0.46495,0.49787,0.35505,1.13115,1.21676,1.16931,0.000505,0.000505,0.000505
52,20753.3,1.14895,1.3515,1.21856,0.59827,0.46271,0.49833,0.35498,1.13066,1.21548,1.16893,0.000489452,0.000489452,0.000489452
53,21904.2,1.14815,1.3494,1.2182,0.59757,0.46416,0.49845,0.35479,1.13062,1.21487,1.16882,0.000473919,0.000473919,0.000473919
54,23055.8,1.14749,1.34389,1.2169,0.59426,0.46674,0.49868,0.35521,1.13018,1.214,1.16834,0.000458416,0.000458416,0.000458416
55,1176.8,1.13687,1.3263,1.21234,0.59478,0.46737,0.49889,0.35531,1.12988,1.21398,1.16831,0.00044296,0.00044296,0.00044296
56,2354.4,1.13893,1.32927,1.21322,0.59405,0.4675,0.49958,0.3552,1.12968,1.21348,1.16814,0.000427565,0.000427565,0.000427565
57,3568.18,1.13877,1.32587,1.21173,0.59915,0.46349,0.49989,0.35549,1.12965,1.21249,1.1678,0.000412246,0.000412246,0.000412246
58,4749.2,1.14038,1.32707,1.21308,0.59789,0.46393,0.50029,0.35565,1.12994,1.21203,1.16799,0.000397019,0.000397019,0.000397019
59,5921.78,1.13699,1.32208,1.21069,0.5985,0.46422,0.50044,0.3558,1.13014,1.21176,1.16787,0.000381899,0.000381899,0.000381899
60,7093.36,inf,1.31837,1.21015,0.60151,0.46281,0.50028,0.35547,1.13098,1.21188,1.16854,0.000366899,0.000366899,0.000366899
61,8266.13,1.13487,1.31908,1.21088,0.59954,0.46454,0.50041,0.35576,1.13063,1.21128,1.16833,0.000352037,0.000352037,0.000352037
62,9524.35,1.1353,1.31766,1.21064,0.5983,0.46397,0.50012,0.35567,1.13096,1.21146,1.1685,0.000337325,0.000337325,0.000337325
63,1171.72,1.11985,1.29004,1.20216,0.59673,0.46596,0.50021,0.35571,1.13162,1.21109,1.16897,0.000322778,0.000322778,0.000322778
64,2335.21,1.12295,1.29554,1.20365,0.59937,0.46596,0.5003,0.35564,1.13162,1.21114,1.16897,0.000308412,0.000308412,0.000308412
65,3505.92,1.1246,1.29566,1.20337,0.59772,0.46643,0.50003,0.3553,1.13181,1.21121,1.1689,0.000294239,0.000294239,0.000294239
66,4675.86,1.12767,1.29963,1.20582,0.59705,0.46724,0.49997,0.35553,1.13233,1.21179,1.1691,0.000280275,0.000280275,0.000280275
67,5840.65,1.12534,1.29778,1.20409,0.59814,0.46679,0.49981,0.35514,1.13279,1.21236,1.16948,0.000266532,0.000266532,0.000266532
68,7002.27,1.12514,1.2972,1.20427,0.59893,0.4662,0.49945,0.35506,1.13291,1.21247,1.16963,0.000253024,0.000253024,0.000253024
69,8166.53,1.12683,1.30118,1.20544,0.60032,0.46423,0.49921,0.355,1.13288,1.21261,1.1695,0.000239766,0.000239766,0.000239766
70,9326.3,1.12882,1.3023,1.20656,0.59919,0.46565,0.49906,0.35494,1.13262,1.21308,1.16951,0.000226769,0.000226769,0.000226769
71,10486.7,1.12735,1.30123,1.20482,0.59574,0.46731,0.49904,0.35485,1.13236,1.21295,1.16922,0.000214046,0.000214046,0.000214046
72,11648.7,1.12732,1.3006,1.20549,0.59999,0.46387,0.4993,0.35513,1.13227,1.21266,1.16919,0.000201611,0.000201611,0.000201611
73,12811.7,1.12546,1.29686,1.20408,0.59401,0.46773,0.49946,0.35554,1.13191,1.2122,1.16891,0.000189475,0.000189475,0.000189475
74,13978.4,1.12497,1.29437,1.20447,0.59745,0.46579,0.49985,0.35554,1.13108,1.2121,1.16795,0.000177651,0.000177651,0.000177651
75,15145.6,1.12521,1.29523,1.20372,0.60175,0.46261,0.49972,0.35533,1.13122,1.2118,1.16831,0.000166149,0.000166149,0.000166149
76,16311.7,1.12606,1.29272,1.20325,0.59844,0.46523,0.50041,0.35566,1.13102,1.21135,1.16801,0.000154982,0.000154982,0.000154982
77,17480.4,1.12439,1.29225,1.20228,0.59782,0.46395,0.50052,0.35594,1.13069,1.21152,1.16766,0.000144161,0.000144161,0.000144161
78,18650,1.12308,1.28901,1.20196,0.59729,0.46414,0.50071,0.35604,1.13032,1.21113,1.16737,0.000133695,0.000133695,0.000133695
79,19820,1.12384,1.28703,1.20205,0.60421,0.46061,0.50134,0.35636,1.12983,1.21078,1.16692,0.000123596,0.000123596,0.000123596
80,20988.4,1.12304,1.29099,1.20252,0.60574,0.46042,0.50136,0.35635,1.12942,1.21056,1.16667,0.000113873,0.000113873,0.000113873
81,22157.9,1.12351,1.29103,1.20239,0.60168,0.46145,0.50132,0.35617,1.12922,1.21033,1.16668,0.000104537,0.000104537,0.000104537
82,23326.5,1.12423,1.2886,1.20232,0.60292,0.4613,0.50159,0.35649,1.12904,1.2103,1.16652,9.55951e-05,9.55951e-05,9.55951e-05
83,24495.2,1.12294,1.28944,1.20284,0.60424,0.46187,0.50178,0.35644,1.12892,1.21027,1.16635,8.70577e-05,8.70577e-05,8.70577e-05
84,25662.5,1.12358,1.28986,1.20305,0.60175,0.46367,0.50193,0.35659,1.129,1.21024,1.16642,7.89327e-05,7.89327e-05,7.89327e-05
85,26832.1,1.12337,1.28922,1.20275,0.6021,0.4647,0.50228,0.3569,1.12877,1.20973,1.16617,7.12282e-05,7.12282e-05,7.12282e-05
86,28001.3,1.12255,1.28585,1.20161,0.60193,0.46443,0.50235,0.35718,1.12861,1.20944,1.16593,6.39518e-05,6.39518e-05,6.39518e-05
87,29188.1,1.12136,1.28533,1.20119,0.60354,0.46425,0.50239,0.35724,1.1283,1.20928,1.16549,5.71106e-05,5.71106e-05,5.71106e-05
